/Data4/student_zhihan_data/data/GC10-DET_brightness_20/test,img_08_425637800_00890_jpg.rf.4e3226a45f7bf69e58918d8952b79b6b.jpg,0.27153145481786317,0.0285888671875
/Data4/student_zhihan_data/data/GC10-DET_brightness_20/test,img_03_424992500_00388_jpg.rf.ec28701153afa1dd22f46920ffb9297f.jpg,0.6104530952987325,0.1051318359375
/Data4/student_zhihan_data/data/GC10-DET_brightness_20/test,img_03_425503100_00066_jpg.rf.c80d682dcb624742ec4e67f3dfc73544.jpg,0.779115836718996,0.14591064453125
/Data4/student_zhihan_data/data/GC10-DET_brightness_20/test,img_01_425008500_00677_jpg.rf.85e0f1a63299479dd07b5c5314f7beca.jpg,0.4308403002662669,0.01932861328125
/Data4/student_zhihan_data/data/GC10-DET_brightness_20/test,img_05_425608200_00814_jpg.rf.51da696c5976e986c5c492e99d2dd638.jpg,0.05847764415470691,0.0015966796875
/Data4/student_zhihan_data/data/GC10-DET_brightness_20/test,img_01_425005700_00442_jpg.rf.ef12f267a48c4fae4160ff0ff6c1cd07.jpg,0.19272100075842769,0.02910400390625
/Data4/student_zhihan_data/data/GC10-DET_brightness_20/test,img_02_3436789500_00005_jpg.rf.85f310f1107d6db92898a8766345b99e.jpg,0.0770536403829309,0.04907958984375
/Data4/student_zhihan_data/data/GC10-DET_brightness_20/test,img_03_4401440300_00347_jpg.rf.ff9406713a4ed5507b002d4ce5f72e52.jpg,0.4234868347338936,0.02026123046875
/Data4/student_zhihan_data/data/GC10-DET_brightness_20/test,img_06_425614600_00411_jpg.rf.0ca4276f5b7c9adc24a31de9d096a32b.jpg,0.15349831743705125,0.0001904296875
/Data4/student_zhihan_data/data/GC10-DET_brightness_20/test,img_07_4404374100_01265_jpg.rf.7c0ea7dc6275568c84f63ffd923f5c66.jpg,0.08297460496412937,0.00047119140625
/Data4/student_zhihan_data/data/GC10-DET_brightness_20/test,img_08_425007500_01452_jpg.rf.a6354954b51ef244ccef3d9462ffe717.jpg,0.17126006390635407,0.008935546875
/Data4/student_zhihan_data/data/GC10-DET_brightness_20/test,img_01_425502900_00018_jpg.rf.993eb5cbb2f35e662145c2aa415d9879.jpg,0.0473668211902103,0.02219970703125
/Data4/student_zhihan_data/data/GC10-DET_brightness_20/test,img_08_425508200_00024_jpg.rf.e7b2ff05772bc1c560893f689919a53b.jpg,0.41213120354317456,0.00465087890625
/Data4/student_zhihan_data/data/GC10-DET_brightness_20/test,img_08_4406743300_00468_jpg.rf.3298d91af6c8c83868684ff0feb87c36.jpg,0.29628441139693706,0.0219921875
/Data4/student_zhihan_data/data/GC10-DET_brightness_20/test,img_07_4406645900_00730_jpg.rf.68f3b77d92761bf22a8e39c9837cbacd.jpg,0.15558944047413922,0.0435546875
/Data4/student_zhihan_data/data/GC10-DET_brightness_20/test,img_03_4403715000_00003_jpg.rf.8fd599665109faa6025da5f5d7de01b0.jpg,0.5393072593760562,0.0029296875
/Data4/student_zhihan_data/data/GC10-DET_brightness_20/test,img_08_425391700_00089_jpg.rf.c8fe702a294d891b9cb8143305d79e74.jpg,0.373778884581376,0.002060546875
/Data4/student_zhihan_data/data/GC10-DET_brightness_20/test,img_02_3436813700_00788_jpg.rf.33ac3428ca0da097f8ec6f666d2caf28.jpg,0.38254092784569227,0.0754931640625
/Data4/student_zhihan_data/data/GC10-DET_brightness_20/test,img_08_425391700_00198_jpg.rf.79baed4ea8e426615cf676e94acf6292.jpg,0.26928776119797976,0.001513671875
/Data4/student_zhihan_data/data/GC10-DET_brightness_20/test,img_08_425637500_00653_jpg.rf.269078f5716d0f1c7eb7259f891ec266.jpg,0.054603235407525645,0.04994873046875
/Data4/student_zhihan_data/data/GC10-DET_brightness_20/test,img_05_425505500_00053_jpg.rf.bcd8bcf9d6074b0fab4f2b095510420f.jpg,0.24946915055114346,0.00443115234375
/Data4/student_zhihan_data/data/GC10-DET_brightness_20/test,img_03_425391000_00491_jpg.rf.f28eeb3c2ee29652d34f681582fdf627.jpg,0.7047991777356104,0.0373779296875
/Data4/student_zhihan_data/data/GC10-DET_brightness_20/test,img_06_3403398500_01173_jpg.rf.3de8052bffb9ec5bcee37699641630ec.jpg,0.5745654296870177,0.06076416015625
/Data4/student_zhihan_data/data/GC10-DET_brightness_20/test,img_07_4404893900_00568_jpg.rf.791dce27a30eb631f2acb54d52681b5c.jpg,0.06306340780962678,0.03240234375
/Data4/student_zhihan_data/data/GC10-DET_brightness_20/test,img_06_4406562900_00002_jpg.rf.bda7ab14f0be7131f2b4d3a02af2c1df.jpg,0.06858635657869412,0.000234375
/Data4/student_zhihan_data/data/GC10-DET_brightness_20/test,img_01_425005700_00406_jpg.rf.3d18020876f46e3b235c9c2b79c7c0a6.jpg,0.21083433288978118,0.021513671875
/Data4/student_zhihan_data/data/GC10-DET_brightness_20/test,img_06_4406645900_00001_jpg.rf.fef25d6e5e72505390955126bb6c5844.jpg,0.5446965698482555,0.0075341796875
/Data4/student_zhihan_data/data/GC10-DET_brightness_20/test,img_03_424992300_00206_jpg.rf.db57f94ddc87cd8c8d31d86134bfe8b5.jpg,0.36779815781415115,0.050634765625
/Data4/student_zhihan_data/data/GC10-DET_brightness_20/test,img_03_SIS001540_00786_jpg.rf.9639d974e6cd04fcfbe0ca3a847c2c23.jpg,0.33876292562803345,0.0251708984375
/Data4/student_zhihan_data/data/GC10-DET_brightness_20/test,img_03_425644600_00006_jpg.rf.feb60eafb5ebdef584a26d874345da58.jpg,0.07284279428912999,0.00247802734375
/Data4/student_zhihan_data/data/GC10-DET_brightness_20/test,img_03_424992300_00514_jpg.rf.b1eee4d04fd6d8ce8f6ad7cac1a91c98.jpg,0.38824693001402344,0.02158935546875
/Data4/student_zhihan_data/data/GC10-DET_brightness_20/test,img_01_425008500_00104_jpg.rf.32e3c393304c5bd5dd58d6f5c54b11b2.jpg,0.4879315461928047,0.03468994140625
/Data4/student_zhihan_data/data/GC10-DET_brightness_20/test,img_07_424714400_00009_jpg.rf.b093d048d4dd9a68725899c42f343812.jpg,0.3518193357730974,0.0220263671875
/Data4/student_zhihan_data/data/GC10-DET_brightness_20/test,img_03_3403396800_01005_jpg.rf.089e7bcff1fe4ca0a5efcbb8ba1d31a3.jpg,0.5740050695533179,0.0188720703125
/Data4/student_zhihan_data/data/GC10-DET_brightness_20/test,img_01_425614600_00001_jpg.rf.d08146824f2f274a835da26023733959.jpg,0.2907381546720376,0.010712890625
/Data4/student_zhihan_data/data/GC10-DET_brightness_20/test,img_02_436164300_01201_jpg.rf.85573a21edbf1fa649474a2d02b1f985.jpg,0.1034647662938415,0.00083251953125
/Data4/student_zhihan_data/data/GC10-DET_brightness_20/test,img_02_3436813700_00329_jpg.rf.6b0f3214e509051d3f663785b72f9977.jpg,0.40171194532413,0.02231201171875
/Data4/student_zhihan_data/data/GC10-DET_brightness_20/test,img_03_436165200_00707_jpg.rf.c381097c20f217474d6a7055b68e42b5.jpg,0.5223906485671191,0.0272705078125
/Data4/student_zhihan_data/data/GC10-DET_brightness_20/test,img_06_436164700_01556_jpg.rf.f334be6da007856c550eea2733e6ddfb.jpg,0.1681705465530569,0.0071533203125
/Data4/student_zhihan_data/data/GC10-DET_brightness_20/test,img_07_4406645900_00618_jpg.rf.4728af3455c5277eb1fddbd3836acad8.jpg,0.09032839171408882,0.040712890625
/Data4/student_zhihan_data/data/GC10-DET_brightness_20/test,img_01_425243300_00542_jpg.rf.14bf99bd3ac913df040788581e0c88dc.jpg,0.31278150997799176,0.024306640625
/Data4/student_zhihan_data/data/GC10-DET_brightness_20/test,img_07_4406645900_00539_jpg.rf.5326b38415f2224b33d1177da2f08acc.jpg,0.33880435009001364,0.0311767578125
/Data4/student_zhihan_data/data/GC10-DET_brightness_20/test,img_06_3403391400_01266_jpg.rf.80af5beb629c06713ab61361167a5fb1.jpg,0.45271178398895795,0.0003857421875
/Data4/student_zhihan_data/data/GC10-DET_brightness_20/test,img_05_4406645900_00121_jpg.rf.1436f27643598a147db9887106c187f6.jpg,0.11723447115277232,2.685546875e-05
/Data4/student_zhihan_data/data/GC10-DET_brightness_20/test,img_06_4406645900_00492_jpg.rf.e7263b2fc93e67e0e539b5c351794ac4.jpg,0.17250133888560998,0.02041015625
/Data4/student_zhihan_data/data/GC10-DET_brightness_20/test,img_08_425508200_00364_jpg.rf.b7359501e11684697ea0179ee2d73c6a.jpg,0.2513001160059984,0.01290283203125
/Data4/student_zhihan_data/data/GC10-DET_brightness_20/test,img_06_425505000_00050_jpg.rf.8dd309fffb6d54f06ca08a323ff8d674.jpg,0.2513981518502877,0.01818115234375
/Data4/student_zhihan_data/data/GC10-DET_brightness_20/test,img_03_436153300_01008_jpg.rf.f63e360cafbe1d3c24a7003bf62e611c.jpg,0.6868875086266389,0.043134765625
/Data4/student_zhihan_data/data/GC10-DET_brightness_20/test,img_01_425241400_00039_jpg.rf.b8d9feafc1b8dd39b237b1fbe2f64c01.jpg,0.07522115925223136,0.0291796875
/Data4/student_zhihan_data/data/GC10-DET_brightness_20/test,img_08_425508200_00033_jpg.rf.5fce67dd739986f4e810a69a3dbdd898.jpg,0.3293217286914766,0.00326904296875
/Data4/student_zhihan_data/data/GC10-DET_brightness_20/test,img_08_425391700_00189_jpg.rf.1a13221d07f68c02a79b1ad4271531b6.jpg,0.052836102331293974,0.001689453125
/Data4/student_zhihan_data/data/GC10-DET_brightness_20/test,img_04_4406645900_00543_jpg.rf.ed669612518b5fdf164ffecd32e9ee20.jpg,0.19402796904065647,0.0006787109375
/Data4/student_zhihan_data/data/GC10-DET_brightness_20/test,img_06_425614600_00421_jpg.rf.2515be4bc918194d52817f85a91b1d76.jpg,0.18383693640166704,0.00032958984375
/Data4/student_zhihan_data/data/GC10-DET_brightness_20/test,img_06_425502300_01407_jpg.rf.373e002d051b7dffab2253e6395233ff.jpg,0.4920239300173511,0.039111328125
/Data4/student_zhihan_data/data/GC10-DET_brightness_20/test,img_04_425622400_00001_jpg.rf.1569615634dbd1da5eb39c062886d1b1.jpg,0.47035241179805254,0.001455078125
/Data4/student_zhihan_data/data/GC10-DET_brightness_20/test,img_02_425503500_00017_jpg.rf.0e8d663c52ed2c69d593baf76af5b85a.jpg,0.4603934636055379,0.00157470703125
/Data4/student_zhihan_data/data/GC10-DET_brightness_20/test,img_02_425502300_00338_jpg.rf.e2b675b66d9467a731b1a879826eb4ab.jpg,0.6601094378503933,0.02514892578125
/Data4/student_zhihan_data/data/GC10-DET_brightness_20/test,img_07_4402719500_00001_jpg.rf.22f073984ae35b05d1552fc55e648838.jpg,0.12700662459384726,0.0050048828125
/Data4/student_zhihan_data/data/GC10-DET_brightness_20/test,img_03_425613800_00026_jpg.rf.9431cf66cf71bdcc8d00f4aa1397fc09.jpg,0.0673211042558786,0.001796875
/Data4/student_zhihan_data/data/GC10-DET_brightness_20/test,img_08_425640100_00874_jpg.rf.60e0b0bf22233173d446c821485769f3.jpg,0.20938114369194702,0.04988037109375
/Data4/student_zhihan_data/data/GC10-DET_brightness_20/test,img_01_425007600_00673_jpg.rf.9829fb414e6d963f8995480d2ab499b5.jpg,0.13775771156409986,0.02529052734375
/Data4/student_zhihan_data/data/GC10-DET_brightness_20/test,img_01_425006600_00376_jpg.rf.72cd03df7d5dbe716a362ba631a7be7a.jpg,0.4138764871689902,0.03197265625
/Data4/student_zhihan_data/data/GC10-DET_brightness_20/test,img_01_425005700_00377_jpg.rf.ad0227dd72c803e70f00c59f54aedf0a.jpg,0.22596467644702312,0.0272802734375
/Data4/student_zhihan_data/data/GC10-DET_brightness_20/test,img_03_4404580600_00513_jpg.rf.13a229dfa7704d8aca630e341f2eee89.jpg,0.20362439393863824,0.014560546875
/Data4/student_zhihan_data/data/GC10-DET_brightness_20/test,img_06_3436814000_00009_jpg.rf.def8ad57e2e2e27a4cc7872751aa9b60.jpg,0.084902693446325,0.00041748046875
/Data4/student_zhihan_data/data/GC10-DET_brightness_20/test,img_03_SIS001540_00771_jpg.rf.c05779ebea02d856e4cd5a0abb7c888d.jpg,0.11223792234449873,0.02703857421875
/Data4/student_zhihan_data/data/GC10-DET_brightness_20/test,img_02_425392300_00834_jpg.rf.0b128393fbd7d86c43aac9827542b5a8.jpg,0.5615121806298277,0.00855224609375
/Data4/student_zhihan_data/data/GC10-DET_brightness_20/test,img_03_425622700_00002_jpg.rf.32ac3443018ededf38865b2563278ed9.jpg,0.5341067531862635,0.0181982421875
/Data4/student_zhihan_data/data/GC10-DET_brightness_20/test,img_06_425502300_01397_jpg.rf.a60eabd84ddcc5a78530397551fb1962.jpg,0.4042337666612821,0.02193603515625
/Data4/student_zhihan_data/data/GC10-DET_brightness_20/test,img_04_425380400_00732_jpg.rf.2724305c2310ce939118e9722a75a6a9.jpg,0.4603921859457512,0.0505078125
/Data4/student_zhihan_data/data/GC10-DET_brightness_20/test,img_08_425639900_00613_jpg.rf.447c5c60c1227cd51220d96abf9cf5dc.jpg,0.29203748068428154,0.008583984375
/Data4/student_zhihan_data/data/GC10-DET_brightness_20/test,img_03_425391800_00255_jpg.rf.97a06641064fcb5c4dfd11719bd13b31.jpg,0.2993854599920776,0.000546875
/Data4/student_zhihan_data/data/GC10-DET_brightness_20/test,img_07_4406645900_00559_jpg.rf.03067aded65780c0d73f5e141c82a6d5.jpg,0.12050166816614183,0.037822265625
/Data4/student_zhihan_data/data/GC10-DET_brightness_20/test,img_04_425501800_00017_jpg.rf.812d82b38c0ed09113d87b40c7a5f262.jpg,0.22422380997674674,0.041025390625
/Data4/student_zhihan_data/data/GC10-DET_brightness_20/test,img_07_435974600_00213_jpg.rf.0a01558b2ae421b20d1e9dc2d2a9ec13.jpg,0.4678180880511088,0.02456787109375
/Data4/student_zhihan_data/data/GC10-DET_brightness_20/test,img_01_425005700_00490_jpg.rf.427c92061ff932c557f54e00eba8331c.jpg,0.3365656597244496,0.02343994140625
/Data4/student_zhihan_data/data/GC10-DET_brightness_20/test,img_01_425008000_00037_jpg.rf.19c58306deeb9c7995251dd4a6fad689.jpg,0.2958451354163336,0.02413818359375
/Data4/student_zhihan_data/data/GC10-DET_brightness_20/test,img_06_4406743300_00094_jpg.rf.4de6f9fd4829253babeab689f1c2cd87.jpg,0.089410481286159,0.0199609375
/Data4/student_zhihan_data/data/GC10-DET_brightness_20/test,img_03_425390700_00020_jpg.rf.f94b71ea26f422f480424cb40c4a4c22.jpg,0.39876557945449925,0.078994140625
/Data4/student_zhihan_data/data/GC10-DET_brightness_20/test,img_07_3436814000_00009_jpg.rf.3792cfc19eff0bddbb07888c1d7c4003.jpg,0.016245855646898892,0.00056396484375
/Data4/student_zhihan_data/data/GC10-DET_brightness_20/test,img_06_425502300_01402_jpg.rf.89482ff308039ff5c49e702b1dee3065.jpg,0.4162525791306499,0.0238330078125
/Data4/student_zhihan_data/data/GC10-DET_brightness_20/test,img_04_4402831800_01217_jpg.rf.3885a1149dce7ce8db0314a6cd9dc83d.jpg,0.012775552229811917,0.031884765625
/Data4/student_zhihan_data/data/GC10-DET_brightness_20/test,img_03_425501800_01220_jpg.rf.113f0d789ceb8e5b634869258e492361.jpg,0.14720951343500355,0.02847412109375
/Data4/student_zhihan_data/data/GC10-DET_brightness_20/test,img_01_425383400_01036_jpg.rf.cf5334663cc46ce2c0d79d4dc8621f07.jpg,0.28528438916304083,0.01791259765625
/Data4/student_zhihan_data/data/GC10-DET_brightness_20/test,img_01_425008000_00002_jpg.rf.cf4a202b39d361e12b0956129f08c2c7.jpg,0.34030002727488723,0.03494384765625
/Data4/student_zhihan_data/data/GC10-DET_brightness_20/test,img_02_3436788500_00879_jpg.rf.d82d1a030f2f2645b5fa35b6bb4f9b84.jpg,0.029972262179449736,0.01273681640625
/Data4/student_zhihan_data/data/GC10-DET_brightness_20/test,img_07_4406645900_00850_jpg.rf.83dfa6cef754c57bafb93c18990008a1.jpg,0.26422265945978546,0.02502197265625
/Data4/student_zhihan_data/data/GC10-DET_brightness_20/test,img_02_425507200_01513_jpg.rf.2f96a24a72e35071d0aa3f756150b84c.jpg,0.4935080571303481,0.02628173828125
/Data4/student_zhihan_data/data/GC10-DET_brightness_20/test,img_06_425237000_00670_jpg.rf.dda82ee1b4bf2438519eb8bc5c19c7ac.jpg,0.24622185153225695,0.06844482421875
/Data4/student_zhihan_data/data/GC10-DET_brightness_20/test,img_08_425382400_00001_jpg.rf.1e40bf6e954bf658573f06a23293faed.jpg,0.05680108576714514,0.01711669921875
/Data4/student_zhihan_data/data/GC10-DET_brightness_20/test,img_02_3436813700_00335_jpg.rf.a7bc0aa20aa1d0ecb40a94bec8d799f1.jpg,0.018595256716726478,0.02051025390625
/Data4/student_zhihan_data/data/GC10-DET_brightness_20/test,img_04_436165600_00004_jpg.rf.fc44fddcc1d6d22c1c7f5f445ab038d8.jpg,0.3229263889906187,0.01099853515625
/Data4/student_zhihan_data/data/GC10-DET_brightness_20/test,img_04_425637500_00653_jpg.rf.36196537eded48062974df2ad0f82dff.jpg,0.3251437350183353,0.01685791015625
/Data4/student_zhihan_data/data/GC10-DET_brightness_20/test,img_03_4402724500_01245_jpg.rf.f8462455a8fc8a32606dcdf2c415a0df.jpg,0.008918915625152318,0.000224609375
/Data4/student_zhihan_data/data/GC10-DET_brightness_20/test,img_08_4402842500_01044_jpg.rf.0559520a625f7cbc8e8b1ca1d8cdd585.jpg,0.058568788839598394,0.005029296875
/Data4/student_zhihan_data/data/GC10-DET_brightness_20/test,img_03_425613500_00001_jpg.rf.23fe4ca91985d975edc64398a61d1d44.jpg,0.6383737996545145,0.0149560546875
/Data4/student_zhihan_data/data/GC10-DET_brightness_20/test,img_02_4406772100_00243_jpg.rf.047681178919abd84bd1f26a71cfd387.jpg,0.2213849668025174,0.00585205078125
/Data4/student_zhihan_data/data/GC10-DET_brightness_20/test,img_07_4406645900_00740_jpg.rf.3613bbd33e41972500a658f63397f575.jpg,0.260354328497862,0.0296142578125
/Data4/student_zhihan_data/data/GC10-DET_brightness_20/test,img_06_3403333800_00715_jpg.rf.9fb79c365a632d00f8a9f2e8442920e3.jpg,0.04745713974261282,0.04123779296875
/Data4/student_zhihan_data/data/GC10-DET_brightness_20/test,img_08_4403744200_01175_jpg.rf.0e6bf1d95865a297c900faf9bdf3dd25.jpg,0.13200747096302654,0.02001220703125
/Data4/student_zhihan_data/data/GC10-DET_brightness_20/test,img_08_425508200_00359_jpg.rf.18297ae2807fcb5b2903ab09fd509949.jpg,0.02577613764804167,0.00626708984375
/Data4/student_zhihan_data/data/GC10-DET_brightness_20/test,img_07_4405168700_00711_jpg.rf.44485f2119830d890be4178ead6eb577.jpg,0.35333032171995477,0.00183349609375
/Data4/student_zhihan_data/data/GC10-DET_brightness_20/test,img_01_425609500_00001_jpg.rf.c139c9b2bbdc6c75c237db5429e5600f.jpg,0.06980641248490559,0.02242919921875
/Data4/student_zhihan_data/data/GC10-DET_brightness_20/test,img_08_3403334300_00853_jpg.rf.2b73635a7c025e596fbcaed164bc844b.jpg,0.05465633015131883,0.0206396484375
/Data4/student_zhihan_data/data/GC10-DET_brightness_20/test,img_01_4406743300_00475_jpg.rf.cbb17b1613752d938c0b919880db6c74.jpg,0.293766465903094,0.03552001953125
/Data4/student_zhihan_data/data/GC10-DET_brightness_20/test,img_02_3436813700_00321_jpg.rf.a2aa41eb9c661d396034776837f8af21.jpg,0.049074321466124844,0.0135498046875
/Data4/student_zhihan_data/data/GC10-DET_brightness_20/test,img_05_4406743300_00507_jpg.rf.edd6ef5091389130dea46c1bbcedacfa.jpg,0.2677159324339329,0.01886474609375
/Data4/student_zhihan_data/data/GC10-DET_brightness_20/test,img_02_3402616900_00001_jpg.rf.8a88102c40f5ec42f76d0cee1e2fae7d.jpg,0.4010102528003917,0.0109521484375
/Data4/student_zhihan_data/data/GC10-DET_brightness_20/test,img_07_435974600_00220_jpg.rf.300a6f692db45696d09a026b40f4070e.jpg,0.5558244628171616,0.01037841796875
/Data4/student_zhihan_data/data/GC10-DET_brightness_20/test,img_01_425005700_00201_jpg.rf.d09b4219e5333345ca9d5415045133fc.jpg,0.36525996863133636,0.03932861328125
/Data4/student_zhihan_data/data/GC10-DET_brightness_20/test,img_07_3436814000_00011_jpg.rf.fa7a9baa1c7b041f0189ed06fe7c138b.jpg,0.11940533919605761,0.000380859375
/Data4/student_zhihan_data/data/GC10-DET_brightness_20/test,img_06_3403404000_00928_jpg.rf.df8508e1bd685000c95a0a08c66c0b97.jpg,0.16213749329323185,0.03952392578125
/Data4/student_zhihan_data/data/GC10-DET_brightness_20/test,img_05_425614700_00001_jpg.rf.db79a5131c5eed770ca9226f083b3b08.jpg,0.09531106785995609,0.0008642578125
/Data4/student_zhihan_data/data/GC10-DET_brightness_20/test,img_02_3402618000_00002_jpg.rf.d6609cfde33420b8cf3f5857f50d8e2c.jpg,0.07219086141187589,0.05507568359375
/Data4/student_zhihan_data/data/GC10-DET_brightness_20/test,img_02_425243200_00533_jpg.rf.c14db537449ebf25be4de62e902cd617.jpg,0.12950846491868762,0.02011474609375
/Data4/student_zhihan_data/data/GC10-DET_brightness_20/test,img_02_4402623300_00034_jpg.rf.34551b07ffc059cb3bc752ee6cbed63b.jpg,0.47240540252887625,0.0275048828125
/Data4/student_zhihan_data/data/GC10-DET_brightness_20/test,img_02_425508600_00684_jpg.rf.6efdd89c6075379e75f1f9f8445896b4.jpg,0.4461391962552081,0.01939208984375
/Data4/student_zhihan_data/data/GC10-DET_brightness_20/test,img_03_424714400_00001_jpg.rf.8953ff6428eff377894ae67df57336bf.jpg,0.32289035747780753,0.0082861328125
/Data4/student_zhihan_data/data/GC10-DET_brightness_20/test,img_02_436184600_00774_jpg.rf.d27e16845de256caa0a62c89b290d922.jpg,0.32258706124709136,0.01547607421875
/Data4/student_zhihan_data/data/GC10-DET_brightness_20/test,img_08_425503600_00053_jpg.rf.4e0005d89ff1d2fa788311d13a51abb9.jpg,0.31086700590473954,0.0339892578125
/Data4/student_zhihan_data/data/GC10-DET_brightness_20/test,img_06_4406743300_00052_jpg.rf.4c3b6c954c4d0ccf25f4d188cbbfc0a9.jpg,0.2690116976736971,0.0141650390625
/Data4/student_zhihan_data/data/GC10-DET_brightness_20/test,img_03_3402617700_00653_jpg.rf.1ef43702aa0df6d62596b17eda5e42c7.jpg,0.28795510709041344,0.09490234375
/Data4/student_zhihan_data/data/GC10-DET_brightness_20/test,img_03_3402617800_00047_jpg.rf.0c90a1386795442822afbd2cb6a841ce.jpg,0.06363152870611194,0.0063232421875
/Data4/student_zhihan_data/data/GC10-DET_brightness_20/test,img_02_436153600_00681_jpg.rf.09d712baef2da3a60301a30633d4af09.jpg,0.21893571261506758,0.00832275390625
/Data4/student_zhihan_data/data/GC10-DET_brightness_20/test,img_01_425005700_00555_jpg.rf.e1a20fb84e9af76157c2685f2d822bfe.jpg,0.3332106895664143,0.02197998046875
/Data4/student_zhihan_data/data/GC10-DET_brightness_20/test,img_03_424992500_00525_jpg.rf.fb66d73109444570f4689d23c788fefa.jpg,0.3590042373054551,0.03858154296875
/Data4/student_zhihan_data/data/GC10-DET_brightness_20/test,img_01_425392100_00662_jpg.rf.d0c1dddee827171d5750f200f08e5974.jpg,0.5812967540626534,0.0202392578125
/Data4/student_zhihan_data/data/GC10-DET_brightness_20/test,img_02_4406645900_00894_jpg.rf.02587c13be3bc67641ff87d1eb5064fa.jpg,0.2786735250960685,0.03349853515625
/Data4/student_zhihan_data/data/GC10-DET_brightness_20/test,img_04_4406645900_00678_jpg.rf.eab2402da33d0122e4f3fee31afe6758.jpg,0.18846382816851356,0.0132275390625
/Data4/student_zhihan_data/data/GC10-DET_brightness_20/test,img_03_SIS001533_00036_jpg.rf.5058fdd17f4e2cf7c4ab8e5eafa02603.jpg,0.2887457772029848,0.00044189453125
/Data4/student_zhihan_data/data/GC10-DET_brightness_20/test,img_03_425644200_00680_jpg.rf.54c4d1780f76c69d459aaf11e72b6650.jpg,0.30131583792188554,0.06142333984375
/Data4/student_zhihan_data/data/GC10-DET_brightness_20/test,img_08_425503800_00052_jpg.rf.f3dd6fbb17863c108c3447422f572507.jpg,0.18593434058864786,0.024189453125
/Data4/student_zhihan_data/data/GC10-DET_brightness_20/test,img_07_425100400_00088_jpg.rf.89157cf4860bf5924950996b646f1cba.jpg,0.6524097290849606,0.032236328125
/Data4/student_zhihan_data/data/GC10-DET_brightness_20/test,img_07_425390900_00111_jpg.rf.a675c597d559b8d66ab4abce3c4e5277.jpg,0.04729868443103745,0.0552294921875
/Data4/student_zhihan_data/data/GC10-DET_brightness_20/test,img_02_436152900_00547_jpg.rf.4318185adf6ae9ebf38c5e2787cfe3e9.jpg,0.21224280764384784,0.012890625
/Data4/student_zhihan_data/data/GC10-DET_brightness_20/test,img_07_3436814000_00007_jpg.rf.86db99613a244e14390a572474d89841.jpg,0.0677861860329241,0.0004443359375
/Data4/student_zhihan_data/data/GC10-DET_brightness_20/test,img_08_4402842500_01043_jpg.rf.69416faaef5d57c368649059aab2fce5.jpg,0.04185369685399516,0.01701904296875
/Data4/student_zhihan_data/data/GC10-DET_brightness_20/test,img_03_425505000_00018_jpg.rf.583902c8b3cd56b263fc585c7193c1a5.jpg,0.07047840021134377,0.01859375
/Data4/student_zhihan_data/data/GC10-DET_brightness_20/test,img_02_3436813700_00307_jpg.rf.c085fb0f135c1174012545973d20af4f.jpg,0.0849399406083633,0.0089892578125
/Data4/student_zhihan_data/data/GC10-DET_brightness_20/test,img_07_425508700_00363_jpg.rf.721347e3b79f519725ee5289bbf97edc.jpg,0.1647156979835107,0.039345703125
/Data4/student_zhihan_data/data/GC10-DET_brightness_20/test,img_03_424992500_00674_jpg.rf.807c0c6e51ea5e5652b1e35d60435eca.jpg,0.03175211555578732,0.0586572265625
/Data4/student_zhihan_data/data/GC10-DET_brightness_20/test,img_08_425502200_00054_jpg.rf.2d48915a28535457ee003a4ce62eafef.jpg,0.25991586717644005,0.0420947265625
/Data4/student_zhihan_data/data/GC10-DET_brightness_20/test,img_01_425005700_00453_jpg.rf.9761dca07cdf96d3fbd0f7d0d4aad403.jpg,0.13806167696082297,0.027275390625
/Data4/student_zhihan_data/data/GC10-DET_brightness_20/test,img_06_4406743300_00041_jpg.rf.85756c07963f7f34a4480e677c22dfc6.jpg,0.1157950804472166,0.02554443359375
/Data4/student_zhihan_data/data/GC10-DET_brightness_20/test,img_02_436153600_00692_jpg.rf.fed8577bb99a3f296c643ebeec56ae60.jpg,0.1488320438941649,0.01015625
/Data4/student_zhihan_data/data/GC10-DET_brightness_20/test,img_01_425005700_00327_jpg.rf.a264bc3855c5d4fd318926bb51c19dab.jpg,0.1263429278332551,0.0308203125
/Data4/student_zhihan_data/data/GC10-DET_brightness_20/test,img_07_4406645900_00566_jpg.rf.55077a65cd5b330d408134556d4aeefa.jpg,0.16116887832574106,0.03533203125
/Data4/student_zhihan_data/data/GC10-DET_brightness_20/test,img_06_4404374100_01350_jpg.rf.9e1d1e5513003caa4ff960ea2dd68212.jpg,0.21638230478453221,0.00037353515625
/Data4/student_zhihan_data/data/GC10-DET_brightness_20/test,img_08_4406743300_00461_jpg.rf.519f67b1b46527e288ec71230a5945c7.jpg,0.3412437989474116,0.02175537109375
/Data4/student_zhihan_data/data/GC10-DET_brightness_20/test,img_04_425503200_00019_jpg.rf.9e775acc68e9543232b7c84238746d12.jpg,0.6229313071801538,0.043349609375
/Data4/student_zhihan_data/data/GC10-DET_brightness_20/test,img_01_4406743300_00649_jpg.rf.fd9794d7a0f1d9da22526814fd9ec601.jpg,0.10829377613364191,0.026328125
/Data4/student_zhihan_data/data/GC10-DET_brightness_20/test,img_08_4406743300_00429_jpg.rf.79f4cdd985d80134e8e6d20adae3d381.jpg,0.10326311383070925,0.0193017578125
/Data4/student_zhihan_data/data/GC10-DET_brightness_20/test,img_07_4406645900_00716_jpg.rf.7f47eb4f0e3ce39dc9fd725330e8acca.jpg,0.17495656509237958,0.035869140625
/Data4/student_zhihan_data/data/GC10-DET_brightness_20/test,img_01_425005700_00195_jpg.rf.71eaa3e9f72b11d1668e17c446006f14.jpg,0.18724851939523054,0.052626953125
/Data4/student_zhihan_data/data/GC10-DET_brightness_20/test,img_02_436153600_00705_jpg.rf.52769831dfcaaed7484e9344e1ec0970.jpg,0.16776340619953542,0.00972412109375
/Data4/student_zhihan_data/data/GC10-DET_brightness_20/test,img_05_4406743300_00390_jpg.rf.80880d28e5931b1b1d3fbd91789b94cc.jpg,0.3359966248188566,0.0325048828125
/Data4/student_zhihan_data/data/GC10-DET_brightness_20/test,img_03_4404580600_00527_jpg.rf.e9c24823c24000c3df5c8d4468fa3960.jpg,0.2260376796624989,0.00841796875
/Data4/student_zhihan_data/data/GC10-DET_brightness_20/test,img_01_4406772100_00602_jpg.rf.9329d875c75b7070bc94d989dcae3974.jpg,0.28461978557134265,0.02294921875
/Data4/student_zhihan_data/data/GC10-DET_brightness_20/test,img_03_436068600_00001_jpg.rf.a3b5b92538661601e3580b1f63fa1fe1.jpg,0.503337286105944,0.001064453125
/Data4/student_zhihan_data/data/GC10-DET_brightness_20/test,img_05_425502600_00052_jpg.rf.00ba4b822f14ebfe9e6f527a5ffdd5f0.jpg,0.032914412417934344,0.00356689453125
/Data4/student_zhihan_data/data/GC10-DET_brightness_20/test,img_07_4406772100_00002_jpg.rf.4e06f23bdedbd8c1d534369a0c9df5a6.jpg,0.3452751572483516,0.006611328125
/Data4/student_zhihan_data/data/GC10-DET_brightness_20/test,img_06_424826800_00500_jpg.rf.cc124ebbea3b417653cb7885511d7203.jpg,0.1638981597438683,0.00046875
/Data4/student_zhihan_data/data/GC10-DET_brightness_20/test,img_01_425005700_00233_jpg.rf.3028f7e6a4200c828bb92303f2afc8d3.jpg,0.13557938289498486,0.04277099609375
/Data4/student_zhihan_data/data/GC10-DET_brightness_20/test,img_02_425637500_00001_jpg.rf.a94f8edf26e75a939fabc6cb7ab7f575.jpg,0.25308755523360416,0.0152099609375
/Data4/student_zhihan_data/data/GC10-DET_brightness_20/test,img_02_4402851700_00985_jpg.rf.8418903284e9af64cac7d57f946b6634.jpg,0.1312674522700672,0.02509033203125
/Data4/student_zhihan_data/data/GC10-DET_brightness_20/test,img_04_425380900_00001_jpg.rf.e624c9bac4c52c864eca86fe216b173d.jpg,0.1173040307342338,0.01943359375
/Data4/student_zhihan_data/data/GC10-DET_brightness_20/test,img_06_4403068300_01280_jpg.rf.26c56d2e141d14b605fd845aa1ede116.jpg,0.5418813649490805,0.04137939453125
/Data4/student_zhihan_data/data/GC10-DET_brightness_20/test,img_03_425507000_00876_jpg.rf.1ec5ad8bef3b7b86ac397b29f231e8ee.jpg,0.49413320296782903,0.029990234375
/Data4/student_zhihan_data/data/GC10-DET_brightness_20/test,img_02_436153600_00695_jpg.rf.f3a708ae4faba81a2370b3a4be5f4991.jpg,0.07695476467801178,0.01154052734375
/Data4/student_zhihan_data/data/GC10-DET_brightness_20/test,img_03_436152900_00530_jpg.rf.dd2cff87617073ed89d29299cd2e6192.jpg,0.2620235594364003,0.0029248046875
/Data4/student_zhihan_data/data/GC10-DET_brightness_20/test,img_01_425005700_00322_jpg.rf.5a100c10975739348aff46fa89c0fa58.jpg,0.2231699981417459,0.0218701171875
/Data4/student_zhihan_data/data/GC10-DET_brightness_20/test,img_04_424798500_00304_jpg.rf.a4437d6b6c88c8b19e177f2baec8e571.jpg,0.26696991352085475,0.01893798828125
/Data4/student_zhihan_data/data/GC10-DET_brightness_20/test,img_06_425506600_00054_jpg.rf.882e28136579e3820b5e6cce3975eb97.jpg,0.1764353604891429,0.0457421875
/Data4/student_zhihan_data/data/GC10-DET_brightness_20/test,img_01_425243200_00439_jpg.rf.1b03e41158a8d2c2e23f79746a1af7d2.jpg,0.1605116616201425,0.02246826171875
/Data4/student_zhihan_data/data/GC10-DET_brightness_20/test,img_01_425005700_00404_jpg.rf.9aa3580f1c53b68437404757dc3fe924.jpg,0.1868725737297851,0.0210888671875
/Data4/student_zhihan_data/data/GC10-DET_brightness_20/test,img_02_SIS001522_00036_jpg.rf.cb241c23de2ee2064c3ab1c6d3b91980.jpg,0.10292495014947953,0.02596435546875
/Data4/student_zhihan_data/data/GC10-DET_brightness_20/test,img_04_425005700_00169_jpg.rf.cc0f7d81b27bb502bab35f0a186657ec.jpg,0.2836010936749512,0.1068505859375
/Data4/student_zhihan_data/data/GC10-DET_brightness_20/test,img_06_425508300_00054_jpg.rf.a675ec555ddc3670bf308f8bf9a7f839.jpg,0.2754086560384595,0.04173095703125
/Data4/student_zhihan_data/data/GC10-DET_brightness_20/test,img_04_3402617700_00395_jpg.rf.6eb1174b43b6942a90d55f23805ceae1.jpg,0.028700797633151538,0.01604736328125
/Data4/student_zhihan_data/data/GC10-DET_brightness_20/test,img_06_3403334000_00839_jpg.rf.38782d71a638688663f2382ff70757a0.jpg,0.27664239691812714,0.062275390625
/Data4/student_zhihan_data/data/GC10-DET_brightness_20/test,img_03_3402617100_00131_jpg.rf.e0698f0de79c1c5bba28f70a23cd19a8.jpg,0.3764397130010396,0.0913525390625
/Data4/student_zhihan_data/data/GC10-DET_brightness_20/test,img_02_436153300_00001_jpg.rf.cd5f7565e580e531ba325885ac446e30.jpg,0.5110533827945593,0.0060107421875
/Data4/student_zhihan_data/data/GC10-DET_brightness_20/test,img_07_425508400_00969_jpg.rf.b8e08f003a6e87d19b163e4146ce6478.jpg,0.3495989183186416,0.04004638671875
/Data4/student_zhihan_data/data/GC10-DET_brightness_20/test,img_07_3403335500_00710_jpg.rf.2e7d8f85ef390175e623aff6656205ef.jpg,0.16278600417423075,0.0016162109375
/Data4/student_zhihan_data/data/GC10-DET_brightness_20/test,img_01_425006100_00947_jpg.rf.7203fdcbf41aba96ec8600d1440d31a9.jpg,0.093918310000737,0.03159423828125
/Data4/student_zhihan_data/data/GC10-DET_brightness_20/test,img_08_425391700_00185_jpg.rf.83fc59d1d943bc89719e85cb4841e56b.jpg,0.044400042625745956,0.00216064453125
/Data4/student_zhihan_data/data/GC10-DET_brightness_20/test,img_05_436068100_00002_jpg.rf.562478a84c103a9ab393a21c61cf41eb.jpg,0.06435046514405271,0.0017724609375
/Data4/student_zhihan_data/data/GC10-DET_brightness_20/test,img_01_425000300_00630_jpg.rf.12001adc8b86faf88a47b6aa6f321b91.jpg,0.45455147589025774,0.02131103515625
/Data4/student_zhihan_data/data/GC10-DET_brightness_20/test,img_01_425243600_00631_jpg.rf.0d54909f697052f6d9d32d59ef41d44f.jpg,0.08094672914317534,0.0376318359375
/Data4/student_zhihan_data/data/GC10-DET_brightness_20/test,img_08_425504800_00052_jpg.rf.d9a7dabae93b5b199eb1d3094bce8a42.jpg,0.22705047756877036,0.001669921875
/Data4/student_zhihan_data/data/GC10-DET_brightness_20/test,img_07_4402719100_00026_jpg.rf.774e9d21bf440af9baf3192318c10e19.jpg,0.0921165922202881,3.90625e-05
/Data4/student_zhihan_data/data/GC10-DET_brightness_20/test,img_03_3403394800_00844_jpg.rf.5c0c88c583f2670f94baae5fb5881adf.jpg,0.4294927261227071,0.00744873046875
/Data4/student_zhihan_data/data/GC10-DET_brightness_20/test,img_01_425005700_00207_jpg.rf.e431c17c450a5d3990f740aebc9c9cd7.jpg,0.27416903568943496,0.0475244140625
/Data4/student_zhihan_data/data/GC10-DET_brightness_20/test,img_01_425005700_00197_jpg.rf.88277838f2a5680138fe9a9bbe00d2a9.jpg,0.14856264482693526,0.0440673828125
/Data4/student_zhihan_data/data/GC10-DET_brightness_20/test,img_02_SIS001491_00257_jpg.rf.2682c53f3b15845e0a16cff779d087f4.jpg,0.12133056386928963,0.0015283203125
/Data4/student_zhihan_data/data/GC10-DET_brightness_20/test,img_04_425382600_00050_jpg.rf.bc5baa170778230432b612b07f474070.jpg,0.8041039961273071,0.10452880859375
/Data4/student_zhihan_data/data/GC10-DET_brightness_20/test,img_01_425501900_00017_jpg.rf.3aa4f32c0457ccdf62e25fee41f97c17.jpg,0.005391698392787703,0.034853515625
/Data4/student_zhihan_data/data/GC10-DET_brightness_20/test,img_07_3403335000_01066_jpg.rf.286c53f7b6be336c065bd9578b9b963c.jpg,0.18707580521609005,0.0005078125
/Data4/student_zhihan_data/data/GC10-DET_brightness_20/test,img_02_424799300_00072_jpg.rf.7e6e34894080536d4be7bf6914c91a1b.jpg,0.456294345715722,0.00017333984375
/Data4/student_zhihan_data/data/GC10-DET_brightness_20/test,img_01_425008500_00874_jpg.rf.9ee7dec3f71c320546f8a4f1cbc6f631.jpg,0.07014694247604994,0.022548828125
/Data4/student_zhihan_data/data/GC10-DET_brightness_20/test,img_03_3403395700_01033_jpg.rf.e580dea01d1e603c01c7001c7bf050c2.jpg,0.3055596739993972,0.02378173828125
/Data4/student_zhihan_data/data/GC10-DET_brightness_20/test,img_04_4402851900_00001_jpg.rf.6c389721aba69ed6b154fe41d9ad142f.jpg,0.14486491158575782,0.016064453125
/Data4/student_zhihan_data/data/GC10-DET_brightness_20/test,img_03_4402724500_01243_jpg.rf.c05cf4141805e5dc51a827dc32e2d58f.jpg,0.20669547133741506,0.00046875
/Data4/student_zhihan_data/data/GC10-DET_brightness_20/test,img_07_3436814000_00691_jpg.rf.63b4a8df37f07559993cd6ec2b6337b7.jpg,0.034686521367374316,0.00081787109375
/Data4/student_zhihan_data/data/GC10-DET_brightness_20/test,img_01_425503600_00016_jpg.rf.277f290435f399628660988d047f9a9f.jpg,0.20564474757686957,0.03738037109375
/Data4/student_zhihan_data/data/GC10-DET_brightness_20/test,img_04_431854700_00287_jpg.rf.daa8a63c7c3d3c843ef93c6955936901.jpg,0.24787174416997027,0.03563720703125
/Data4/student_zhihan_data/data/GC10-DET_brightness_20/test,img_02_425616500_00001_jpg.rf.dc3a5197b9fcdf7590cbb6b9c3e4ddf9.jpg,0.17820291567239877,0.0204150390625
/Data4/student_zhihan_data/data/GC10-DET_brightness_20/test,img_02_3402617100_00366_jpg.rf.30a0df88951183a42aa92f25aebb167b.jpg,0.482859477124183,0.050810546875
/Data4/student_zhihan_data/data/GC10-DET_brightness_20/test,img_01_4402270500_00003_jpg.rf.5d4436691803211d7fe644a0ec75b072.jpg,0.41145496813526167,0.05767578125
/Data4/student_zhihan_data/data/GC10-DET_brightness_20/test,img_03_425501900_00017_jpg.rf.3cd9f0f6e30f19b48af03d9167a20b18.jpg,0.6317983759160231,0.0681396484375
/Data4/student_zhihan_data/data/GC10-DET_brightness_20/test,img_06_4403801500_01282_jpg.rf.e5ce594df12bc36641710a36673e38ad.jpg,0.3177995199986891,0.00646240234375
/Data4/student_zhihan_data/data/GC10-DET_brightness_20/test,img_03_424992500_00514_jpg.rf.4bcd005586f4824d77e99ecdf3cd158c.jpg,0.27449486582147553,0.05702880859375
/Data4/student_zhihan_data/data/GC10-DET_brightness_20/test,img_01_425244400_00900_jpg.rf.95ed2a16b21bcdb90ad96c2d2de7ac0b.jpg,0.13717118700882583,0.024833984375
/Data4/student_zhihan_data/data/GC10-DET_brightness_20/test,img_04_425616200_00712_jpg.rf.9d36b85cb2a4229b295079ce982d70ba.jpg,0.09644141720241295,0.01297119140625
/Data4/student_zhihan_data/data/GC10-DET_brightness_20/test,img_02_4406772100_00404_jpg.rf.df5228ff5479591dfb47bdf37efa3904.jpg,0.3445113915549032,0.01190673828125
/Data4/student_zhihan_data/data/GC10-DET_brightness_20/test,img_08_425391700_00182_jpg.rf.8d9c32bc7c54e9f5a7bad9f51eed0d78.jpg,0.41863881784597895,0.00165771484375
/Data4/student_zhihan_data/data/GC10-DET_brightness_20/test,img_06_4406645900_00485_jpg.rf.3f931a81014c8279d37f9ea48deb8064.jpg,0.10297266720970223,0.01536376953125
/Data4/student_zhihan_data/data/GC10-DET_brightness_20/test,img_02_4406645900_00346_jpg.rf.38e5a0361c7f36f7f10ce69be471fb48.jpg,0.017153517739836397,0.02475830078125
/Data4/student_zhihan_data/data/GC10-DET_brightness_20/test,img_02_3436813700_00273_jpg.rf.590d5374100e8d2ab0cdc424ee7ac241.jpg,0.21906880175529317,0.0108056640625
/Data4/student_zhihan_data/data/GC10-DET_brightness_20/test,img_02_424799300_00040_jpg.rf.94f8a3367d737cc4b1987ad586f4295a.jpg,0.5977855111799791,0.003505859375
/Data4/student_zhihan_data/data/GC10-DET_brightness_20/test,img_03_425005700_01362_jpg.rf.74949d89686a0f7ed84a9279146d2e76.jpg,0.02759377917833802,0.0069091796875
/Data4/student_zhihan_data/data/GC10-DET_brightness_20/test,img_07_4406743300_00039_jpg.rf.7c564852705a604f38f262d2e3cc0add.jpg,0.26821476897733454,0.02601806640625
/Data4/student_zhihan_data/data/GC10-DET_brightness_20/test,img_08_4406743300_00412_jpg.rf.3551601da00aa41c40c41e786f95a3be.jpg,0.3322970131108711,0.024072265625
/Data4/student_zhihan_data/data/GC10-DET_brightness_20/test,img_07_4406645900_00145_jpg.rf.4be498b12ec5aa868fcba152d3b5925e.jpg,0.09706866461105884,0.0967919921875
/Data4/student_zhihan_data/data/GC10-DET_brightness_20/test,img_08_4406743300_00019_jpg.rf.cf4fdd5461b0cff15dc310d545af4fe7.jpg,0.17431853136140824,0.0292822265625
/Data4/student_zhihan_data/data/GC10-DET_brightness_20/test,img_02_436153600_00699_jpg.rf.dc59be1a097a3f785ebdc448aec0b005.jpg,0.160617481622346,0.0131494140625
/Data4/student_zhihan_data/data/GC10-DET_brightness_20/test,img_02_4404580000_00041_jpg.rf.e612abb27ce62a99263fe0512619014c.jpg,0.3057045023966463,0.00923828125
/Data4/student_zhihan_data/data/GC10-DET_brightness_20/test,img_06_425237000_00672_jpg.rf.2687f2ceca231f75cd7c2861880fb178.jpg,0.32056262492113485,0.0748974609375
/Data4/student_zhihan_data/data/GC10-DET_brightness_20/test,img_07_3403335100_01063_jpg.rf.cde40191535d27746c7383bdca4ef3c9.jpg,0.05539798109795095,0.0049853515625
/Data4/student_zhihan_data/data/GC10-DET_brightness_20/test,img_06_3436814000_00681_jpg.rf.a4fd6ee098dc2e1fbf579cf253277cbb.jpg,0.04128191844948637,0.0003369140625
